DOM,CV1,CV2,CV3,CV4
DOM1,0.004914,0.012941,0.019824,0.005502
DOM2,0.01886,0.034419,0.037216,0.015349
DOM3,0.075881,0.086097,0.086103,0.073901
