DOM,CV1,CV2,CV3,CV4
DOM1,0.004913,0.012097,0.017095,0.005382
DOM2,0.008213,0.02429,0.077694,0.019375
DOM3,0.059269,0.10196,0.349122,0.077695
